Method,Name,Error,Occurrences
GET,/alerts/010008,HTTPError('500 Server Error: Internal Server Error for url: /alerts/010008'),4
GET,/alerts/010019,HTTPError('500 Server Error: Internal Server Error for url: /alerts/010019'),6
POST,/forecast/010005,HTTPError('500 Server Error: Internal Server Error for url: /forecast/010005'),3
GET,/alerts/010007,HTTPError('500 Server Error: Internal Server Error for url: /alerts/010007'),6
GET,/snapshots/latest/010019,HTTPError('500 Server Error: Internal Server Error for url: /snapshots/latest/010019'),13
GET,/alerts/010001,HTTPError('500 Server Error: Internal Server Error for url: /alerts/010001'),7
GET,/alerts/010005,HTTPError('500 Server Error: Internal Server Error for url: /alerts/010005'),9
GET,/alerts/010012,HTTPError('500 Server Error: Internal Server Error for url: /alerts/010012'),6
GET,/snapshots/latest/010006,HTTPError('500 Server Error: Internal Server Error for url: /snapshots/latest/010006'),12
POST,/forecast/010012,HTTPError('500 Server Error: Internal Server Error for url: /forecast/010012'),1
GET,/snapshots/latest/010012,HTTPError('500 Server Error: Internal Server Error for url: /snapshots/latest/010012'),17
GET,/snapshots/latest/010016,HTTPError('500 Server Error: Internal Server Error for url: /snapshots/latest/010016'),14
GET,/snapshots/latest/010011,HTTPError('500 Server Error: Internal Server Error for url: /snapshots/latest/010011'),11
POST,/forecast/010007,HTTPError('500 Server Error: Internal Server Error for url: /forecast/010007'),3
GET,/alerts/010018,HTTPError('500 Server Error: Internal Server Error for url: /alerts/010018'),8
POST,/forecast/010008,HTTPError('500 Server Error: Internal Server Error for url: /forecast/010008'),4
GET,/snapshots/latest/010007,HTTPError('500 Server Error: Internal Server Error for url: /snapshots/latest/010007'),11
POST,/forecast/010016,HTTPError('500 Server Error: Internal Server Error for url: /forecast/010016'),3
POST,/forecast/010011,HTTPError('500 Server Error: Internal Server Error for url: /forecast/010011'),1
GET,/snapshots/latest/010018,HTTPError('500 Server Error: Internal Server Error for url: /snapshots/latest/010018'),10
GET,/alerts/010016,HTTPError('500 Server Error: Internal Server Error for url: /alerts/010016'),3
GET,/snapshots/latest/010001,HTTPError('500 Server Error: Internal Server Error for url: /snapshots/latest/010001'),12
GET,/snapshots/latest/010008,HTTPError('500 Server Error: Internal Server Error for url: /snapshots/latest/010008'),12
GET,/snapshots/latest/010005,HTTPError('500 Server Error: Internal Server Error for url: /snapshots/latest/010005'),10
POST,/forecast/010006,HTTPError('500 Server Error: Internal Server Error for url: /forecast/010006'),3
GET,/alerts/010006,HTTPError('500 Server Error: Internal Server Error for url: /alerts/010006'),5
GET,/alerts/010011,HTTPError('500 Server Error: Internal Server Error for url: /alerts/010011'),7
POST,/forecast/010018,HTTPError('500 Server Error: Internal Server Error for url: /forecast/010018'),3
POST,/forecast/010001,HTTPError('500 Server Error: Internal Server Error for url: /forecast/010001'),5
POST,/forecast/010019,HTTPError('500 Server Error: Internal Server Error for url: /forecast/010019'),1
